id,first_name,last_name,email
1,Alice,Johnson,alice@example.com
2,Bob,Smith,bob@example.com
3,Carol,Williams,carol@example.com
4,David,Brown,david@example.com
5,Emma,Jones,emma@example.com
6,Frank,Davis,frank@example.com
7,Grace,Miller,grace@example.com
8,Henry,Wilson,henry@example.com
9,Iris,Moore,iris@example.com
10,Jack,Taylor,jack@example.com
11,Karen,Anderson,karen@example.com
12,Liam,Thomas,liam@example.com
13,Mia,Jackson,mia@example.com
14,Noah,White,noah@example.com
15,Olivia,Harris,olivia@example.com
